Rank,EntryId,EntryName,TimeRemaining,Points,Lineup,,Player,Roster Position,%Drafted,FPTS
1,1587842328,pabascal2014,0,241.56,DST Bills  FLEX Mark Ingram II WR Jarvis Landry WR Jamison Crowder WR Sammy Watkins TE Austin Hooper RB Christian McCaffrey QB Lamar Jackson RB Saquon Barkley,,Dalvin Cook,RB,46.29%,29
2,1592507274,sammygu,0,229.36,DST Vikings  RB Le'Veon Bell WR Jarvis Landry WR Tyler Boyd RB Austin Ekeler FLEX Christian McCaffrey WR Dede Westbrook QB Lamar Jackson TE T.J. Hockenson,,Chris Carson,FLEX,35.37%,25.1
3,1592147283,GarryW61,0,225.62,DST Panthers  WR Larry Fitzgerald FLEX Travis Kelce WR Randall Cobb RB David Johnson WR Sammy Watkins TE Blake Jarwin RB Christian McCaffrey QB Patrick Mahomes,,Dede Westbrook,WR,34.93%,14.2
4,1591578033,gpace28,0,218.92,DST Ravens  WR Larry Fitzgerald FLEX Mark Ingram II WR T.Y. Hilton RB Le'Veon Bell WR Tyler Lockett QB Carson Wentz TE Evan Engram RB Dalvin Cook,,Adam Thielen,WR,31.00%,13.3
5,1591039599,MattTheBigCat,0,215.52,DST 49ers  TE Travis Kelce WR Marvin Jones Jr. QB Carson Wentz WR Sterling Shepard RB Austin Ekeler RB Dalvin Cook FLEX Christian McCaffrey WR Dede Westbrook,,Chris Godwin,WR,27.95%,14.3
6,1587712415,congy01,0,215.02,DST Ravens  WR Keenan Allen QB Carson Wentz TE Hunter Henry FLEX Austin Ekeler WR Curtis Samuel RB Dalvin Cook RB Christian McCaffrey WR Dede Westbrook,,Hunter Henry,TE,25.76%,10
7,1581186049,JamiesonILee,0,207.32,DST Ravens  QB Carson Wentz TE Evan Engram WR Curtis Samuel RB Dalvin Cook RB Christian McCaffrey WR Chris Godwin WR Dede Westbrook FLEX Chris Carson,,Leonard Fournette,RB,25.76%,12.4
7,1588743475,conwayjack,0,207.32,DST Ravens  QB Carson Wentz TE Evan Engram WR Curtis Samuel RB Dalvin Cook RB Christian McCaffrey WR Chris Godwin WR Dede Westbrook FLEX Chris Carson,,Christian McCaffrey,RB,23.58%,45.9
7,1589413398,Rebecca40,0,207.32,DST Ravens  QB Carson Wentz TE Evan Engram WR Curtis Samuel RB Dalvin Cook RB Christian McCaffrey WR Chris Godwin WR Dede Westbrook FLEX Chris Carson,,Ravens ,DST,21.40%,13
7,1589447420,Timberwolves16,0,207.32,DST Ravens  QB Carson Wentz TE Evan Engram WR Curtis Samuel RB Dalvin Cook FLEX Christian McCaffrey WR Chris Godwin WR Dede Westbrook RB Chris Carson,,Tyler Lockett,WR,20.96%,11.4
7,1591754539,Nunchaku,0,207.32,DST Ravens  QB Carson Wentz TE Evan Engram WR Curtis Samuel RB Dalvin Cook RB Christian McCaffrey WR Chris Godwin WR Dede Westbrook FLEX Chris Carson,,Carson Wentz,QB,20.52%,28.02
12,1590799741,BankruptcyBro,0,203.92,DST 49ers  WR Tyler Lockett QB Carson Wentz WR Adam Thielen TE Hunter Henry RB Dalvin Cook RB Christian McCaffrey WR Dede Westbrook FLEX Chris Carson,,Saquon Barkley,RB,17.90%,20.9
13,1584563082,HalezYeah,0,199.8,DST Ravens  WR T.Y. Hilton WR Robert Woods WR Jarvis Landry QB Jacoby Brissett FLEX Adam Thielen TE Evan Engram RB Austin Ekeler RB Dalvin Cook,,Seahawks ,DST,17.90%,12
14,1588050835,abmusicwriter,0,197.96,DST Seahawks  FLEX Mark Ingram II WR Kenny Golladay TE Hunter Henry RB Christian McCaffrey WR Chris Godwin WR Dede Westbrook QB Lamar Jackson RB Chris Carson,,Nick Chubb,FLEX,17.90%,11.5
15,1589545600,jdoz5133,0,194.92,DST Jets  QB Kirk Cousins WR Odell Beckham Jr. WR Jamison Crowder TE Hunter Henry RB Dalvin Cook FLEX Christian McCaffrey WR Dede Westbrook RB Chris Carson,,Curtis Samuel,WR,17.90%,6.2
16,1589223371,tgeho,0,193.2,DST Browns  FLEX DeSean Jackson WR Julio Jones RB Le'Veon Bell WR Jarvis Landry QB Dak Prescott WR Cooper Kupp TE Mark Andrews RB Dalvin Cook,,Evan Engram,TE,15.72%,31.6
17,1588756856,Mambamo,0,192.82,DST Seahawks  QB Carson Wentz WR Tyler Boyd TE Hunter Henry RB Dalvin Cook RB Christian McCaffrey WR Chris Godwin WR Dede Westbrook FLEX Chris Carson,,Mark Ingram II,RB,15.28%,25.7
18,1580276489,nfl7878,0,190.52,DST Ravens  QB Kirk Cousins WR Mike Evans WR Sammy Watkins FLEX Malcolm Brown TE Cole Hunt RB Dalvin Cook RB Christian McCaffrey WR Calvin Ridley,,Tyreek Hill,WR,13.54%,4.1
19,1589353400,dubscg,0,190.5,DST Ravens  QB Matthew Stafford RB Mark Ingram II FLEX David Johnson WR Tyler Lockett WR Adam Thielen TE Evan Engram RB Leonard Fournette WR Michael Gallup,,Lamar Jackson,QB,12.23%,36.56
20,1570676663,ejm1001,0,189.86,DST Seahawks  WR Albert Wilson WR Adam Thielen TE Mark Andrews FLEX Nick Chubb RB Christian McCaffrey WR Chris Godwin QB Lamar Jackson RB Chris Carson,,Le'Veon Bell,FLEX,11.35%,23.2
21,1589996687,ThunderDumper,0,189.76,DST Ravens  WR Kenny Golladay WR Tyler Boyd TE Evan Engram RB Leonard Fournette FLEX Dalvin Cook QB Lamar Jackson WR DJ Moore RB Chris Carson,,Travis Kelce,TE,11.35%,11.8
22,1591778029,MrJohnMic,0,189.46,DST 49ers  WR Tyler Lockett WR Amari Cooper WR Adam Thielen TE Hunter Henry RB Nick Chubb FLEX Dalvin Cook QB Lamar Jackson RB Chris Carson,,Jarvis Landry,WR,10.92%,11.7
23,1591839508,chickak,0,187.52,DST Seahawks  WR Marvin Jones Jr. QB Carson Wentz WR Adam Thielen TE Hunter Henry RB Dalvin Cook FLEX Christian McCaffrey WR Dede Westbrook RB Chris Carson,,Tyler Boyd,WR,10.48%,14.3
24,1590476637,aa507959,0,186.56,DST Ravens  WR Tyler Lockett WR Adam Thielen TE Evan Engram RB Leonard Fournette RB Dalvin Cook WR Dede Westbrook QB Lamar Jackson FLEX Chris Carson,,Patrick Mahomes,QB,10.48%,30.32
25,1591098401,howyoudoin32,0,185.22,DST Rams  WR DeSean Jackson TE Travis Kelce WR Sammy Watkins FLEX Curtis Samuel QB Patrick Mahomes RB Tony Pollard RB Saquon Barkley WR Calvin Ridley,,Odell Beckham Jr.,WR,10.48%,14.1
26,1590771131,jcoop222,0,184.92,DST Lions  WR Tyler Lockett QB Carson Wentz TE Hunter Henry RB Dalvin Cook RB Christian McCaffrey WR Chris Godwin WR Dede Westbrook FLEX Chris Carson,,Mike Evans,WR,10.04%,4.8
27,1584285458,jholly161,0,184.86,DST Panthers  WR Odell Beckham Jr. WR Tyler Lockett TE Hunter Henry FLEX Evan Engram WR Curtis Samuel RB Christian McCaffrey QB Lamar Jackson RB Chris Carson,,Kerryon Johnson,RB,9.61%,8.2
28,1590739524,j74c,0,184.12,DST Seahawks  FLEX Robert Woods QB Carson Wentz WR Adam Thielen TE Evan Engram RB Dalvin Cook WR Chris Godwin WR Dede Westbrook RB Chris Carson,,Delanie Walker,TE,9.61%,22.5
29,1588694566,LovelyOnLydia,0,184,DST 49ers  QB Jacoby Brissett TE Hunter Henry WR Curtis Samuel RB Dalvin Cook RB Christian McCaffrey WR Chris Godwin WR Dede Westbrook FLEX Saquon Barkley,,Marvin Jones Jr.,WR,9.17%,10
30,1591032363,HuskerNTexas,0,183.96,DST Ravens  RB Mark Ingram II WR Marvin Jones Jr. WR Tyler Lockett WR Adam Thielen FLEX George Kittle TE Evan Engram RB Dalvin Cook QB Lamar Jackson,,Cooper Kupp,WR,8.73%,11.6
31,1591021644,cjstiege15,0,183.82,DST Panthers  QB Carson Wentz WR Adam Thielen TE Hunter Henry RB Dalvin Cook RB Christian McCaffrey WR Chris Godwin WR Dede Westbrook FLEX Chris Carson,,Austin Ekeler,FLEX,8.30%,39.4
32,1589518680,randolph.loving,0,183.22,DST 49ers  WR Keenan Allen WR Adam Thielen TE Hunter Henry FLEX Austin Ekeler RB Nick Chubb QB Patrick Mahomes WR Dede Westbrook RB Kerryon Johnson,,George Kittle,TE,8.30%,13.4
33,1591674667,starnold7,0,182.96,DST Chargers  FLEX DeSean Jackson QB Cam Newton TE Kyle Rudolph WR Alshon Jeffery WR Sammy Watkins WR Brandin Cooks RB Nick Chubb RB Christian McCaffrey,,Cowboys ,DST,7.86%,6
34,1591399981,reamronaldreagan,0,177.06,DST Ravens  RB Mark Ingram II WR Albert Wilson WR Adam Thielen TE George Kittle RB Dalvin Cook WR Chris Godwin FLEX Marlon Mack QB Lamar Jackson,,Amari Cooper,WR,7.86%,25.6
35,1590724670,pdnra,0,177.02,DST Giants  FLEX Sammy Watkins RB Damien Williams WR Cody Core TE Evan Engram WR Tyreek Hill QB Patrick Mahomes RB Saquon Barkley WR Michael Gallup,,Kenny Golladay,WR,7.42%,14.2
36,1588954507,Quaz2011,0,176.72,DST Seahawks  QB Carson Wentz WR Sterling Shepard TE Mark Andrews WR Curtis Samuel RB Nick Chubb RB Christian McCaffrey WR Dede Westbrook FLEX Saquon Barkley,,Chargers ,DST,6.99%,2
37,1578895095,deznuttz801,0,175.92,DST 49ers  RB Mark Ingram II RB Le'Veon Bell QB Carson Wentz WR Amari Cooper WR Cooper Kupp WR Adam Thielen TE Hunter Henry FLEX Nick Chubb,,Baker Mayfield,QB,6.99%,12.4
37,1591996042,anyvictorywilldo,0,175.92,DST Cowboys  WR Tyler Lockett QB Carson Wentz TE Hunter Henry WR Curtis Samuel RB Dalvin Cook RB Christian McCaffrey WR Chris Godwin FLEX Chris Carson,,Zach Ertz,TE,6.99%,10.4
39,1588769498,ajmhv8,0,175.62,DST Cowboys  WR Tyler Lockett TE Evan Engram RB Austin Ekeler WR Tyreek Hill RB Dalvin Cook FLEX Chris Godwin WR Dede Westbrook QB Kyler Murray,,Dak Prescott,QB,6.55%,36.4
40,1590885108,dominicdigi1,0,175.6,DST Cowboys  QB Dak Prescott WR Tyler Lockett WR Amari Cooper WR Tyler Boyd RB Austin Ekeler FLEX Joe Mixon TE David Njoku RB Chris Carson,,Eagles ,DST,6.55%,1
41,1589396019,mdm686s,0,175.44,DST Buccaneers  WR DeSean Jackson QB Russell Wilson WR Brandin Cooks WR Adam Thielen TE Evan Engram FLEX Tyreek Hill RB Marlon Mack RB Chris Carson,,Robert Woods,WR,6.55%,16.6
42,1586606240,Rhamej1,0,173.66,DST Ravens  WR Cole Beasley WR John Brown TE Hunter Henry RB Leonard Fournette FLEX Christian McCaffrey WR Dede Westbrook QB Josh Allen RB Saquon Barkley,,Ezekiel Elliott,RB,6.55%,13.3
43,1591126620,hern03,0,173.16,DST Cowboys  TE Delanie Walker WR Julio Jones WR Amari Cooper RB Duke Johnson WR Adam Thielen RB Dalvin Cook QB Lamar Jackson FLEX Chris Carson,,Jameis Winston,QB,6.55%,10.06
44,1588099967,lawson5,0,172.12,DST Ravens  QB Carson Wentz TE Hunter Henry WR Curtis Samuel RB Nick Chubb RB Dalvin Cook FLEX Christian McCaffrey WR Chris Godwin WR Dede Westbrook,,Larry Fitzgerald,WR,6.11%,28.3
45,1591611832,zivox,0,171.7,DST Titans  WR Keenan Allen WR Amari Cooper WR Sterling Shepard RB Ezekiel Elliott QB Baker Mayfield TE Evan Engram RB Chase Edmonds FLEX Michael Gallup,,Todd Gurley II,RB,6.11%,11.1
46,1592497218,stbaxter1287,0,171.06,DST Seahawks  TE Greg Olsen FLEX Mark Ingram II WR John Brown WR Kenny Golladay RB Nick Chubb WR Chris Godwin QB Lamar Jackson RB Saquon Barkley,,Browns ,DST,6.11%,0
47,1589723281,7ploch7,0,170.62,DST Seahawks  QB Philip Rivers FLEX Marvin Jones Jr. WR Kenny Golladay TE George Kittle WR Tyler Boyd RB Austin Ekeler WR Chris Godwin RB Chris Carson,,Sterling Shepard,WR,6.11%,10.2
48,1589817005,luebj1,0,170.12,DST Seahawks  TE Delanie Walker FLEX Keenan Allen QB Carson Wentz WR Kenny Golladay WR Adam Thielen RB Dalvin Cook WR DJ Moore RB Kerryon Johnson,,DeSean Jackson,WR,5.68%,38.4
49,1587685498,BigHolyO,0,169.7,DST Ravens  WR Larry Fitzgerald RB Le'Veon Bell WR Jarvis Landry QB Dak Prescott WR Stefon Diggs TE Hunter Henry FLEX Leonard Fournette RB Dalvin Cook,,Kirk Cousins,QB,5.68%,14.32
50,1591043511,sherwood.andrewt,0,168.72,DST Seahawks  WR Cole Beasley TE Kyle Rudolph WR Willie Snead IV WR Amari Cooper RB Christian McCaffrey QB Patrick Mahomes RB Saquon Barkley FLEX DK Metcalf,,Calvin Ridley,WR,5.68%,16.4
51,1577375366,dooomsday25,0,168.66,DST Seahawks  WR Julio Jones TE Hunter Henry RB Leonard Fournette RB Dalvin Cook WR Chris Godwin WR Dede Westbrook QB Lamar Jackson FLEX Chris Carson,,Stefon Diggs,WR,5.68%,5.7
52,1590136052,macho321,0,168.5,DST Seahawks  TE Delanie Walker RB Mark Ingram II QB Dak Prescott WR Curtis Samuel FLEX Dalvin Cook WR Chris Godwin WR Dede Westbrook RB Kerryon Johnson,,Julio Jones,WR,5.24%,15.1
53,1590806828,t001man,0,168.22,DST Cowboys  WR Larry Fitzgerald TE Travis Kelce RB Mark Ingram II WR Robert Woods WR Sterling Shepard QB Patrick Mahomes FLEX Dede Westbrook RB Chris Carson,,Kyle Rudolph,TE,5.24%,0
54,1592237833,cthomps9,0,168.06,DST Seahawks  WR Cole Beasley TE George Kittle RB Leonard Fournette RB Christian McCaffrey WR Dede Westbrook QB Lamar Jackson FLEX Kerryon Johnson WR Calvin Ridley,,Russell Wilson,QB,5.24%,16.64
55,1587302043,LGR4EV,0,167.7,DST Ravens  QB Dak Prescott WR Adam Thielen TE Hunter Henry RB Leonard Fournette RB Dalvin Cook WR Chris Godwin WR Dede Westbrook FLEX Chris Carson,,Brandin Cooks,WR,4.80%,5.9
56,1591196369,bear_down73,0,166.9,DST Ravens  FLEX Le'Veon Bell WR Adam Humphries QB Jacoby Brissett WR Zay Jones TE Mark Andrews RB Christian McCaffrey WR Chris Godwin RB Saquon Barkley,,49ers ,DST,4.80%,27
56,1588863819,Pdaug54,0,166.9,DST 49ers  RB Le'Veon Bell QB Dak Prescott TE Eric Ebron WR Amari Cooper WR Cooper Kupp FLEX Curtis Samuel WR Dede Westbrook RB Saquon Barkley,,Sammy Watkins,WR,4.80%,49.8
58,1592397787,lucktale,0,166.5,DST Chargers  WR DeSean Jackson WR Robert Woods WR Odell Beckham Jr. QB Dak Prescott TE Hunter Henry RB Leonard Fournette RB Nick Chubb FLEX Chris Carson,,Cole Beasley,WR,4.80%,9
59,1587290908,jdz4,0,166.36,DST Browns  WR Larry Fitzgerald FLEX Odell Beckham Jr. TE Geoff Swaim WR Adam Thielen RB Dalvin Cook WR Chris Godwin QB Lamar Jackson RB Chris Carson,,Matt Breida,RB,4.37%,3.7
60,1586941136,DiggsDubs,0,166.32,DST Eagles  TE Greg Olsen WR Randall Cobb RB David Johnson FLEX Devonta Freeman WR Mike Evans WR Sammy Watkins QB Patrick Mahomes RB Chris Carson,,Eric Ebron,TE,4.37%,1.8
61,1592348037,DKDominance,0,166.26,DST Seahawks  TE Travis Kelce WR Cole Beasley WR Marvin Jones Jr. FLEX Austin Ekeler RB Leonard Fournette WR Dede Westbrook QB Lamar Jackson RB Saquon Barkley,,Keenan Allen,WR,4.37%,29.3
62,1587003444,TheMikeDunnShow,0,165.74,DST Redskins  WR Keenan Allen QB Jared Goff WR Tyreek Hill RB Dalvin Cook FLEX Christian McCaffrey TE David Njoku WR Terry McLaurin RB Derrius Guice,,Kyler Murray,QB,4.37%,25.62
63,1588872009,Fearless520,0,165.52,DST 49ers  TE Hunter Henry RB Nick Chubb WR Tyreek Hill RB Dalvin Cook WR Chris Godwin QB Patrick Mahomes WR Dede Westbrook FLEX Chris Carson,,Alshon Jeffery,WR,3.93%,22.1
63,1573917054,mmcdaniel16,0,165.52,DST Ravens  TE Travis Kelce RB Devonta Freeman WR Tyler Boyd FLEX Austin Ekeler WR Curtis Samuel RB Dalvin Cook QB Patrick Mahomes WR Calvin Ridley,,Panthers ,DST,3.93%,4
65,1589987096,xSWINDLERx,0,165.02,DST Browns  WR Tyler Lockett QB Carson Wentz WR Adam Thielen TE Evan Engram FLEX Leonard Fournette RB Dalvin Cook WR Dede Westbrook RB Chris Carson,,DJ Moore,WR,3.93%,13.6
66,1588721678,dkniffbloom,0,164.92,DST Cowboys  TE Delanie Walker QB Kirk Cousins FLEX Mark Ingram II WR Robert Woods WR Keenan Allen WR Adam Thielen RB Dalvin Cook RB Kerryon Johnson,,Jets ,DST,3.93%,18
67,1582022743,xxnaylor81xx,0,164.3,DST Jets  RB Mark Ingram II WR Robert Woods QB Dak Prescott FLEX Mike Evans TE George Kittle WR Curtis Samuel RB Dalvin Cook WR Dede Westbrook,,David Njoku,TE,3.93%,13.7
68,1567282425,pops1954,0,163.62,DST Cowboys  WR DeSean Jackson QB Kirk Cousins WR Julio Jones WR Adam Thielen TE Hunter Henry RB Leonard Fournette RB Dalvin Cook FLEX Chris Carson,,Mark Andrews,TE,3.49%,27.8
69,1585359840,Joeod86,0,163.4,DST Cowboys  TE Travis Kelce QB Dak Prescott WR Amari Cooper WR Sterling Shepard FLEX Adam Thielen RB Peyton Barber RB Austin Ekeler WR Dede Westbrook,,Rams ,DST,3.49%,9
70,1587458011,str8_savage93,0,162.86,DST Seahawks  QB Jameis Winston WR Kenny Golladay TE Evan Engram RB Leonard Fournette FLEX Dalvin Cook WR Chris Godwin WR Dede Westbrook RB Chris Carson,,Michael Gallup,WR,3.49%,25.8
70,1589399235,michaelkiddoh,0,162.86,DST Seahawks  QB Jameis Winston WR Kenny Golladay TE Evan Engram RB Leonard Fournette FLEX Dalvin Cook WR Chris Godwin WR Dede Westbrook RB Chris Carson,,David Johnson,RB,3.49%,25.7
72,1592223461,jp_03,0,162.7,DST Seahawks  WR Marvin Jones Jr. WR Odell Beckham Jr. QB Baker Mayfield TE Evan Engram RB Dalvin Cook FLEX Chris Godwin WR Dede Westbrook RB Chris Carson,,Chiefs ,DST,3.49%,5
73,1591115125,StrandedBullFrog,0,162.62,DST Lions  QB Kirk Cousins RB Mark Ingram II WR Julio Jones WR Adam Thielen TE Evan Engram RB Leonard Fournette FLEX Dalvin Cook WR Dede Westbrook,,Jacoby Brissett,QB,3.49%,16.5
74,1588060026,wrightk16,0,162.46,DST Jets  WR Mike Evans WR Brandin Cooks RB Derrick Henry WR Tyler Boyd TE Hunter Henry FLEX Evan Engram RB Leonard Fournette QB Lamar Jackson,,Jimmy Garoppolo,QB,3.49%,11.44
75,1586211194,tct5001,0,162.36,DST Browns  QB Matt Ryan WR Robert Woods WR Keenan Allen TE Hunter Henry FLEX Leonard Fournette RB Dalvin Cook RB Chris Carson WR Calvin Ridley,,Lions ,DST,3.49%,7
76,1589129130,lastday1,0,162.12,DST Seahawks  TE Travis Kelce WR Jamison Crowder QB Carson Wentz WR Curtis Samuel RB Nick Chubb RB Christian McCaffrey WR Dede Westbrook FLEX Kerryon Johnson,,Dante Pettis,WR,3.06%,1.7
76,1589328910,zapczynj,0,162.12,DST Seahawks  TE Travis Kelce WR Jamison Crowder QB Carson Wentz WR Curtis Samuel RB Nick Chubb RB Christian McCaffrey WR Dede Westbrook FLEX Kerryon Johnson,,Randall Cobb,WR,3.06%,16.9
78,1581153772,scottbird,0,162.1,DST Panthers  TE Delanie Walker WR Larry Fitzgerald QB Dak Prescott WR Stefon Diggs FLEX Matt Breida RB Nick Chubb WR Tyreek Hill RB Christian McCaffrey,,Derrius Guice,RB,3.06%,6.8
79,1590350406,brycovo415,0,161.9,DST Rams  TE Greg Olsen QB Dak Prescott WR Tyler Lockett WR Amari Cooper FLEX Tyler Boyd WR Tyreek Hill RB Marlon Mack RB Chris Carson,,Tevin Coleman,RB,3.06%,7.6
80,1586331833,ericphelps80,0,161.42,DST Seahawks  WR Julio Jones TE Kyle Rudolph WR Sterling Shepard WR Adam Thielen FLEX Mark Andrews RB Nick Chubb RB Christian McCaffrey QB Kyler Murray,,Nick Foles,QB,2.62%,7
81,1581686201,Datdude100,0,161.02,DST Eagles  WR DeSean Jackson RB LeSean McCoy WR Randall Cobb WR Mohamed Sanu TE Zach Ertz FLEX Alshon Jeffery QB Patrick Mahomes RB Saquon Barkley,,Matt Ryan,QB,2.62%,23.56
82,1588058145,frye1103,0,160.62,DST 49ers  WR Odell Beckham Jr. TE Hunter Henry WR Tyreek Hill RB Dalvin Cook QB Patrick Mahomes RB Derrius Guice WR Dede Westbrook FLEX Chris Carson,,John Brown,FLEX,2.62%,28.3
82,1588169526,cplilqw,0,160.62,DST Lions  QB Kirk Cousins FLEX Mark Ingram II WR Sammy Watkins WR Tyler Lockett WR Adam Thielen TE Hunter Henry RB Kerryon Johnson RB Saquon Barkley,,Jamison Crowder,WR,2.62%,24.3
84,1587376435,bestguesstimate,0,160.56,DST Ravens  TE Delanie Walker WR Julio Jones WR Tyler Boyd WR Curtis Samuel FLEX Leonard Fournette RB Nick Chubb RB Dalvin Cook QB Lamar Jackson,,Marlon Mack,RB,2.62%,28.4
85,1583037666,miker112,0,160.44,DST Seahawks  FLEX Mark Ingram II WR Alshon Jeffery RB Le'Veon Bell QB Jimmy Garoppolo WR Amari Cooper RB Leonard Fournette TE David Njoku WR Chris Godwin,,Greg Olsen,TE,2.62%,7.6
86,1589305459,dchayward,0,160.42,DST Bills  QB Carson Wentz WR Adam Thielen WR Curtis Samuel RB Nick Chubb FLEX Dalvin Cook RB Christian McCaffrey WR Chris Godwin TE Will Dissly,,Cam Newton,QB,2.62%,7.36
87,1591578270,Fr3shtildeath,0,159.82,DST Seahawks  TE Zach Ertz WR Odell Beckham Jr. QB Carson Wentz WR Adam Thielen RB Dalvin Cook FLEX David Njoku WR Dede Westbrook RB Chris Carson,,Devonta Freeman,RB,2.18%,5.1
88,1581518598,supertrooper442,0,159.66,DST Ravens  FLEX Marvin Jones Jr. WR Amari Cooper WR Cooper Kupp TE O.J. Howard RB Austin Ekeler RB Joe Mixon QB Lamar Jackson WR DJ Moore,,Joe Mixon,RB,2.18%,3.7
89,1591920562,pvieira,0,159.54,DST Rams  TE Delanie Walker WR Jarvis Landry WR Amari Cooper QB Jared Goff FLEX Peyton Barber RB Nick Chubb RB Christian McCaffrey WR Calvin Ridley,,Zay Jones,WR,2.18%,3.8
90,1577037114,Gryndurr,0,158.92,DST Browns  QB Kirk Cousins WR Brandin Cooks TE Evan Engram RB Matt Breida RB Dalvin Cook FLEX Christian McCaffrey WR Chris Godwin WR Dede Westbrook,,Derrick Henry,RB,2.18%,28.9
91,1586972596,Alec_Volle,0,158.72,DST Browns  WR John Brown QB Carson Wentz RB Damien Williams TE O.J. Howard RB Dalvin Cook WR Dede Westbrook WR DJ Moore FLEX Saquon Barkley,,Bills ,DST,2.18%,10
92,1587318652,fundypete,0,158.52,DST Seahawks  FLEX Mark Ingram II TE Kyle Rudolph WR Sterling Shepard WR Adam Thielen WR Tyler Boyd RB Nick Chubb RB Christian McCaffrey QB Kyler Murray,,Tony Pollard,RB,2.18%,2.4
93,1586780001,gwalt123,0,158.1,DST Jets  FLEX Zach Ertz RB Le'Veon Bell WR Jarvis Landry WR Sammy Watkins TE Eric Ebron WR Stefon Diggs QB Baker Mayfield RB Chris Carson,,Mohamed Sanu,WR,1.75%,10.7
94,1589442325,ShinjukuAce,0,157.84,DST Ravens  TE Delanie Walker QB Russell Wilson RB Le'Veon Bell WR Adam Thielen FLEX Leonard Fournette RB Dalvin Cook WR Dede Westbrook WR DJ Moore,,Adrian Peterson,RB,1.75%,0
95,1591816564,matthickey21,0,157.36,DST Seahawks  RB Mark Ingram II WR Odell Beckham Jr. WR Tyler Lockett TE Hunter Henry WR Chris Godwin QB Lamar Jackson FLEX Kerryon Johnson RB Chris Carson,,T.Y. Hilton,WR,1.75%,28.7
96,1591417210,timothymcmillian,0,156.92,DST Cowboys  WR Larry Fitzgerald TE Travis Kelce RB Le'Veon Bell FLEX Nelson Agholor WR Tyreek Hill RB Dalvin Cook QB Kyler Murray WR Michael Gallup,,Jared Goff,QB,1.75%,10.44
97,1580461476,Djavest,0,156.74,DST Ravens  TE Delanie Walker QB Russell Wilson WR Amari Cooper WR Adam Thielen FLEX Hunter Henry RB Leonard Fournette RB Dalvin Cook WR Chris Godwin,,Damien Williams,RB,1.75%,18.5
98,1587358884,Roman2015,0,156.7,DST Ravens  TE Delanie Walker FLEX Mike Evans WR Tyler Lockett QB Jacoby Brissett WR Brandin Cooks WR Kenny Golladay RB Austin Ekeler RB Dalvin Cook,,Matthew Stafford,QB,1.75%,31.6
99,1591615948,njelgersma,0,156.52,DST Seahawks  FLEX Mark Ingram II WR Tyler Lockett QB Carson Wentz WR Cooper Kupp TE Dallas Goedert RB Dalvin Cook WR Chris Godwin RB Saquon Barkley,,Marquise Goodwin,WR,1.75%,1.7
100,1585206586,madhatter51,0,156.22,DST 49ers  WR Odell Beckham Jr. TE Hunter Henry WR Tyreek Hill RB Dalvin Cook QB Patrick Mahomes WR Dede Westbrook FLEX Tony Pollard RB Chris Carson,,Albert Wilson,WR,1.31%,3.4
101,1590946075,Zinger83,0,155.46,DST Ravens  WR Larry Fitzgerald QB Jameis Winston WR Adam Thielen TE Hunter Henry FLEX Leonard Fournette RB Dalvin Cook WR Chris Godwin RB Chris Carson,,Danny Amendola,WR,1.31%,26.4
102,1591957289,AntReacts,0,155.44,DST Ravens  QB Russell Wilson WR Tyler Lockett WR Adam Thielen TE Evan Engram FLEX Austin Ekeler WR Curtis Samuel RB Leonard Fournette RB Nick Chubb,,Bengals ,DST,1.31%,6
103,1590952982,seabrin,0,154.76,DST Colts  TE Delanie Walker WR Marquise Goodwin WR Tyler Lockett WR Adam Thielen RB Leonard Fournette RB Dalvin Cook QB Lamar Jackson FLEX Saquon Barkley,,Giants ,DST,1.31%,-4
104,1589619203,cmclain1,0,154.46,DST Jets  TE Travis Kelce QB Jameis Winston FLEX Austin Ekeler WR Curtis Samuel RB Nick Chubb RB Dalvin Cook WR Chris Godwin WR Dede Westbrook,,Willie Snead IV,WR,1.31%,12.1
105,1591335550,kwilkin3,0,154.42,DST Cowboys  RB Mark Ingram II WR Robert Woods QB Carson Wentz WR Adam Thielen TE Hunter Henry FLEX Nick Chubb RB Dalvin Cook WR Chris Godwin,,Nelson Agholor,WR,1.31%,3.1
106,1591779092,Suvakane911,0,154.02,DST Panthers  WR Julio Jones RB Le'Veon Bell WR Odell Beckham Jr. WR Sammy Watkins TE Eric Ebron RB Derrius Guice FLEX DJ Moore QB Kyler Murray,,O.J. Howard,TE,1.31%,6.2
107,1585806458,AlvinAndTheChipmunks,0,153.92,DST 49ers  WR Corey Davis TE Hunter Henry RB Dalvin Cook WR Chris Godwin QB Patrick Mahomes WR Dede Westbrook FLEX Kerryon Johnson RB Saquon Barkley,,Adam Humphries,WR,1.31%,1.5
108,1588688164,benjaminCooper,0,153.82,DST Cowboys  TE Jason Witten WR Julio Jones WR John Brown FLEX Ezekiel Elliott RB Dalvin Cook RB Justin Jackson QB Patrick Mahomes WR Dede Westbrook,,Corey Davis,WR,1.31%,0
109,1587119747,kennyse1968,0,152.76,DST Chiefs  QB Matt Ryan WR Cody Latimer TE George Kittle FLEX Leonard Fournette RB Nick Chubb RB Christian McCaffrey WR Dede Westbrook WR Calvin Ridley,,Buccaneers ,DST,1.31%,12
110,1591742084,Roqthecut,0,152.5,DST Seahawks  WR Robert Woods QB Dak Prescott WR Amari Cooper FLEX Jordan Howard RB Nick Chubb WR Tyreek Hill TE David Njoku RB Chris Carson,,Duke Johnson,FLEX,1.31%,0
111,1591164081,quinlam,0,152.46,DST Eagles  QB Cam Newton WR Marvin Jones Jr. RB Le'Veon Bell WR Adam Thielen TE Evan Engram FLEX Austin Ekeler RB Leonard Fournette WR Dede Westbrook,,Jason Witten,TE,1.31%,10.5
112,1586532243,apizzle1593,0,152.44,DST Ravens  TE Delanie Walker QB Jimmy Garoppolo WR Tyler Lockett WR Adam Thielen FLEX Leonard Fournette RB Dalvin Cook WR Chris Godwin RB Chris Carson,,Dolphins ,DST,1.31%,-3
113,1592384195,emeks06,0,152.12,DST Ravens  WR Odell Beckham Jr. QB Carson Wentz TE Hunter Henry WR Curtis Samuel RB Leonard Fournette RB Dalvin Cook WR Chris Godwin FLEX Chris Carson,,Will Dissly,TE,1.31%,2.2
114,1586834638,tadams21214,0,151.64,DST Browns  QB Jimmy Garoppolo TE Hunter Henry RB Dalvin Cook RB Christian McCaffrey WR Chris Godwin WR Dante Pettis WR Dede Westbrook FLEX Chris Carson,,T.J. Yeldon,FLEX,0.87%,0
115,1588715371,lobskittles,0,151.52,DST Dolphins  TE Travis Kelce FLEX Marvin Jones Jr. QB Carson Wentz WR Adam Thielen WR Curtis Samuel RB Christian McCaffrey WR Dede Westbrook RB Chris Carson,,Titans ,DST,0.87%,23
116,1591232290,dotson11,0,151.32,DST Lions  TE Jason Witten RB Le'Veon Bell WR Jarvis Landry WR Tyreek Hill RB Dalvin Cook QB Patrick Mahomes WR Christian Kirk FLEX Chris Carson,,Peyton Barber,RB,0.87%,6.5
117,1591701243,RaspberryPi23,0,151.12,DST Chiefs  RB Mark Ingram II RB Le'Veon Bell QB Carson Wentz WR Cooper Kupp WR Adam Thielen TE Mark Andrews FLEX Leonard Fournette WR Tyreek Hill,,Rashaad Penny,FLEX,0.87%,1.8
118,1590485396,skye11,0,149.82,DST Cowboys  FLEX Travis Kelce RB Mark Ingram II RB David Johnson WR Jarvis Landry TE Eric Ebron QB Carson Wentz WR Adam Thielen WR Michael Gallup,,Tyler Eifert,FLEX,0.87%,7.7
119,1591737094,amno,0,149.62,DST Chiefs  WR Larry Fitzgerald QB Kirk Cousins RB Le'Veon Bell WR Adam Humphries WR Amari Cooper FLEX Ezekiel Elliott TE Hunter Henry RB Marlon Mack,,C.J. Uzomah,TE,0.87%,10.6
120,1587819040,WrongGuyED,0,149.3,DST Ravens  WR Tyler Lockett QB Jacoby Brissett TE George Kittle RB Leonard Fournette RB Dalvin Cook WR Chris Godwin WR Dede Westbrook FLEX Chris Carson,,Josh Allen,QB,0.87%,19.96
121,1583846327,Greek9512,0,149.2,DST Bengals  WR Mike Evans WR Tyler Lockett QB Jacoby Brissett WR Adam Thielen TE Evan Engram RB Nick Chubb RB Dalvin Cook FLEX Chris Carson,,Devin Singletary,FLEX,0.87%,14.8
122,1584353695,SixtiesLegends,0,148.92,DST Bills  FLEX DeSean Jackson WR Odell Beckham Jr. QB Carson Wentz WR Nelson Agholor TE George Kittle RB Derrius Guice WR Dede Westbrook RB Saquon Barkley,,T.J. Hockenson,TE,0.87%,28.1
123,1590768219,iyervinnnie,0,148.62,DST Browns  WR Tyler Lockett QB Carson Wentz WR Kenny Golladay WR Cooper Kupp TE Evan Engram RB Leonard Fournette FLEX Chris Godwin RB Chris Carson,,Philip Rivers,QB,0.87%,27.92
124,1587706201,beng4800,0,148.46,DST Seahawks  WR Mike Evans WR Adam Thielen TE Hunter Henry WR Curtis Samuel FLEX Nick Chubb RB Dalvin Cook QB Lamar Jackson RB Chris Carson,,Jordan Howard,RB,0.87%,7.5
125,1590541127,DOCTORCRIME,0,148.22,DST Dolphins  TE Kyle Rudolph WR Jarvis Landry WR Brandin Cooks RB Derrick Henry WR Tyler Boyd RB Christian McCaffrey QB Patrick Mahomes FLEX Dede Westbrook,,Christian Kirk,WR,0.87%,10.4
126,1591684678,jdmrick,0,147.62,DST Eagles  WR Jarvis Landry WR Tyler Lockett QB Carson Wentz TE Evan Engram FLEX Leonard Fournette RB Dalvin Cook WR Chris Godwin RB Kerryon Johnson,,Tyler Higbee,FLEX,0.44%,12
127,1591113444,jontre24,0,147.42,DST Seahawks  QB Carson Wentz WR Kenny Golladay WR Adam Thielen TE Hunter Henry RB Jordan Howard RB Chris Carson FLEX Saquon Barkley WR Calvin Ridley,,Jesse James,TE,0.44%,2.5
128,1591864514,winningteam89,0,147.22,DST Lions  FLEX Mark Ingram II WR Odell Beckham Jr. QB Carson Wentz WR Cooper Kupp WR Adam Thielen TE Hunter Henry RB Leonard Fournette RB Chris Carson,,Tajae Sharpe,WR,0.44%,0
129,1588288457,Slicktech7,0,147.12,DST Panthers  TE Delanie Walker QB Andy Dalton WR Amari Cooper WR Sterling Shepard WR Tyler Boyd FLEX Leonard Fournette RB Nick Chubb RB Saquon Barkley,,Jack Doyle,FLEX,0.44%,3
130,1590663931,FantasyKeeng,0,147.04,DST Ravens  WR Cole Beasley WR Marquise Goodwin QB Jimmy Garoppolo FLEX Adam Thielen TE George Kittle RB Christian McCaffrey WR Dede Westbrook RB Chris Carson,,Ty Montgomery,RB,0.44%,0.4
131,1591224847,equivalentstring,0,146.9,DST Eagles  TE Delanie Walker QB Matthew Stafford FLEX Tyler Lockett WR Kenny Golladay RB Christian McCaffrey WR Dante Pettis WR Christian Kirk RB Kerryon Johnson,,Malcolm Brown,FLEX,0.44%,17.3
132,1587924267,baileyallen_15,0,145.52,DST Ravens  QB Kirk Cousins RB Mark Ingram II WR Marvin Jones Jr. WR Adam Thielen TE George Kittle FLEX Chris Godwin RB Chris Carson WR Calvin Ridley,,Cole Hunt,TE,0.44%,0
133,1590784680,amoran88,0,145.5,DST Ravens  QB Ryan Fitzpatrick WR DeSean Jackson FLEX T.J. Yeldon RB Ezekiel Elliott WR Adam Thielen WR Zay Jones TE Evan Engram RB Saquon Barkley,,Chad Beebe,WR,0.44%,1.9
134,1589345747,thatandersonguy,0,144.82,DST Browns  TE Travis Kelce WR Marvin Jones Jr. QB Carson Wentz RB Leonard Fournette RB Dalvin Cook WR Chris Godwin WR Dede Westbrook FLEX Chris Carson,,Alexander Mattison,RB,0.44%,4.9
135,1592077845,poediggs,0,144.52,DST Ravens  TE Travis Kelce QB Carson Wentz WR Sterling Shepard FLEX Matt Breida WR Curtis Samuel RB Nick Chubb RB Christian McCaffrey WR Dede Westbrook,,Irv Smith Jr.,FLEX,0.44%,0
136,1561785358,TheManSoNice,0,144.5,DST Chargers  WR Larry Fitzgerald QB Nick Foles WR Marvin Jones Jr. FLEX Le'Veon Bell RB Todd Gurley II TE Mark Andrews WR Dede Westbrook RB Saquon Barkley,,Frank Gore,RB,0.44%,2
137,1591130644,fordlover,0,144.46,DST Ravens  RB Mark Ingram II WR Jarvis Landry WR Tyler Lockett QB Jameis Winston FLEX Tyler Boyd TE Evan Engram RB Leonard Fournette WR Chris Godwin,,Vernon Davis,FLEX,0.44%,15.9
138,1585884761,Stormcatchers,0,143.92,DST Panthers  WR Cole Beasley FLEX Tyler Eifert TE C.J. Uzomah WR Tyler Lockett WR Tyreek Hill RB Christian McCaffrey QB Patrick Mahomes RB Saquon Barkley,,LeSean McCoy,RB,0.44%,10.3
139,1573127532,swish44,0,143.72,DST Rams  WR Alshon Jeffery QB Carson Wentz TE Jesse James WR Cooper Kupp WR Tajae Sharpe RB Matt Breida RB Christian McCaffrey FLEX Saquon Barkley,,Parris Campbell,WR,0.44%,1.8
140,1591060490,dktrpepr,0,143.22,DST Ravens  FLEX DeSean Jackson QB Kirk Cousins RB David Johnson WR Jarvis Landry WR Tyler Lockett WR Cooper Kupp TE George Kittle RB Matt Breida,,Hayden Hurst,FLEX,0.44%,7.1
141,1588069855,diceflame,0,143.04,DST Eagles  TE Delanie Walker QB Russell Wilson WR Robert Woods WR Mike Evans WR Adam Thielen FLEX Matt Breida RB Austin Ekeler RB Chris Carson,,Travis Benjamin,WR,0.44%,3.2
142,1590707428,corytoops,0,142.8,DST Seahawks  QB Nick Foles RB Devonta Freeman WR Tyler Lockett WR Cooper Kupp TE Evan Engram RB Dalvin Cook WR Dede Westbrook FLEX Saquon Barkley,,Marcus Mariota,QB,0.44%,24.32
143,1582351339,badison,0,142.3,DST Jets  FLEX Mark Ingram II WR T.Y. Hilton RB Le'Veon Bell TE Eric Ebron QB Jacoby Brissett WR Stefon Diggs WR Parris Campbell RB Saquon Barkley,,Mike Williams,WR,0.44%,4.9
144,1584148323,BAB72399,0,141.7,DST Panthers  QB Dak Prescott WR Adam Thielen TE George Kittle WR Tyler Boyd WR Zay Jones RB Christian McCaffrey RB Tony Pollard FLEX Kerryon Johnson,,Paul Richardson Jr.,WR,0.44%,7.6
145,1591109177,csh2004,0,141.52,DST Eagles  TE Jason Witten WR Larry Fitzgerald WR Julio Jones WR Randall Cobb RB Ezekiel Elliott RB Leonard Fournette FLEX David Njoku QB Patrick Mahomes,,Redskins ,DST,0.44%,0
146,1586561431,sumo75,0,141.46,DST Buccaneers  TE Delanie Walker QB Jameis Winston WR Kenny Golladay RB Derrick Henry WR Curtis Samuel RB Leonard Fournette WR Chris Godwin FLEX Saquon Barkley,,Terry McLaurin,WR,0.44%,26.5
147,1571709398,AhriPog,0,141.1,DST Rams  WR Danny Amendola TE Travis Kelce WR Jarvis Landry FLEX Tyler Higbee RB Todd Gurley II QB Baker Mayfield RB Saquon Barkley WR Michael Gallup,,Cody Latimer,WR,0.44%,10.4
148,1586084147,mediocreplaya85,0,140.94,DST Ravens  RB Mark Ingram II WR Alshon Jeffery WR Tyler Lockett WR Brandin Cooks QB Jared Goff FLEX George Kittle TE Hunter Henry RB Dalvin Cook,,Geoff Swaim,TE,0.44%,5.7
149,1588121196,razzamztaz9,0,140.86,DST Chargers  RB Mark Ingram II QB Jameis Winston WR Kenny Golladay TE O.J. Howard WR Tyler Boyd FLEX Dalvin Cook WR Chris Godwin RB Chris Carson,,Dawson Knox,TE,0.44%,1.1
150,1591665944,foxjr001,0,140.62,DST Bengals  TE Travis Kelce QB Carson Wentz WR Cooper Kupp WR Adam Thielen WR Tyler Boyd RB Leonard Fournette RB Dalvin Cook FLEX Dede Westbrook,,Rashard Higgins,WR,0.44%,6.6
150,1586069806,JoshDaDee86,0,140.62,DST Rams  FLEX Travis Kelce TE Zach Ertz RB Devonta Freeman WR Sammy Watkins QB Marcus Mariota RB Todd Gurley II WR Mike Williams WR Dede Westbrook,,Austin Hooper,TE,0.44%,16.7
152,1589457838,jdubb1986.jw,0,140.4,DST Cowboys  WR Cole Beasley FLEX Randall Cobb TE Zach Ertz WR Marquise Goodwin QB Dak Prescott RB Ezekiel Elliott RB Saquon Barkley WR Michael Gallup,,Jaguars ,DST,0.44%,-4
153,1590477384,DRAFTWINNER937,0,140.3,DST Eagles  RB Mark Ingram II WR Julio Jones QB Dak Prescott TE C.J. Uzomah WR Mike Evans WR Tyler Lockett FLEX Sterling Shepard RB Chris Carson,,Andy Dalton,QB,0.44%,25.72
154,1586312950,turbo327,0,140.2,DST Jets  RB Mark Ingram II WR Alshon Jeffery RB Le'Veon Bell WR Jarvis Landry WR Tyler Lockett FLEX Stefon Diggs TE Hunter Henry QB Baker Mayfield,,Justin Jackson,RB,0.44%,7.1
155,1586877606,mhamman,0,140.16,DST Chargers  WR Odell Beckham Jr. WR Stefon Diggs TE Hunter Henry WR Curtis Samuel RB Nick Chubb RB Dalvin Cook QB Lamar Jackson FLEX Chris Carson,,Mecole Hardman,WR,0.44%,0
156,1591770417,joshsymes96,0,140.06,DST Browns  WR Larry Fitzgerald WR Alshon Jeffery TE Jordan Reed FLEX Leonard Fournette RB Nick Chubb WR Tyreek Hill QB Lamar Jackson RB Chris Carson,,Marqise Lee,WR,0.44%,0
157,1588647048,stevebianx,0,139.86,DST Browns  WR Cole Beasley RB David Johnson WR Kenny Golladay TE Hunter Henry FLEX Chris Godwin QB Josh Allen RB Saquon Barkley WR Michael Gallup,,Michael Crabtree,FLEX,0.44%,0
158,1581354281,Gpalms,0,139.84,DST Seahawks  QB Russell Wilson WR Tyler Lockett WR Kenny Golladay WR Adam Thielen TE Hunter Henry RB Dalvin Cook RB Kerryon Johnson FLEX Chris Carson,,Devin Funchess,WR,0.44%,6.2
159,1592515936,kms752,0,139.72,DST Buccaneers  RB Mark Ingram II WR Keenan Allen WR Tyler Lockett FLEX Todd Gurley II WR Tyreek Hill TE David Njoku RB Derrius Guice QB Kyler Murray,,Miles Boykin,FLEX,0.44%,7.5
160,1589125188,AUStoked13,0,139.46,DST Ravens  FLEX Devonta Freeman WR Mike Evans WR Adam Thielen TE Mark Andrews RB Dalvin Cook WR Dante Pettis QB Lamar Jackson RB Kerryon Johnson,,Cody Core,WR,0.44%,0
161,1587044464,obviously,0,139.22,DST Chargers  QB Carson Wentz WR Tyler Boyd TE Hunter Henry RB Leonard Fournette WR Tyreek Hill RB Dalvin Cook WR Chris Godwin FLEX Chris Carson,,Ryan Fitzpatrick,QB,0.44%,11.2
161,1587762716,chew1218,0,139.22,DST Ravens  WR Marvin Jones Jr. TE Zach Ertz WR Odell Beckham Jr. WR Tyler Lockett QB Carson Wentz RB Leonard Fournette RB Chris Carson FLEX Devin Singletary,,Justice Hill,RB,0.44%,2.7
163,1587810215,csizemore10,0,138.94,DST Ravens  WR Tyler Lockett FLEX Cooper Kupp QB Jared Goff WR Adam Thielen TE Evan Engram WR Curtis Samuel RB Leonard Fournette RB Dalvin Cook,,Colts ,DST,0.44%,7
164,1590885078,Mac_D82,0,138.02,DST Seahawks  TE George Kittle WR Curtis Samuel RB Dalvin Cook WR Chris Godwin WR Dede Westbrook QB Kyler Murray RB Tony Pollard FLEX Saquon Barkley,,DK Metcalf,FLEX,0.44%,12.9
165,1590947648,jhall717,0,137.86,DST Browns  WR Marvin Jones Jr. WR Odell Beckham Jr. QB Jameis Winston TE Evan Engram FLEX Matt Breida RB Dalvin Cook WR Chris Godwin RB Chris Carson,,Chase Edmonds,RB,0.44%,0.5
166,1587740851,onel0ve,0,137.64,DST Browns  QB Jimmy Garoppolo WR Amari Cooper WR Adam Thielen TE George Kittle FLEX Curtis Samuel RB Marlon Mack WR Dede Westbrook RB Chris Carson,,Dallas Goedert,TE,0.44%,3.6
167,1590768777,pmills888,0,136.5,DST Seahawks  TE Travis Kelce QB Baker Mayfield WR Curtis Samuel RB Nick Chubb RB Dalvin Cook WR Chris Godwin WR Dede Westbrook FLEX Chris Carson,,Rashard Davis,WR,0.44%,0
167,1590775492,alexdesousaa9,0,136.5,DST Seahawks  TE Travis Kelce QB Baker Mayfield WR Curtis Samuel RB Nick Chubb RB Dalvin Cook WR Chris Godwin WR Dede Westbrook FLEX Chris Carson,,Darrel Williams,FLEX,0.44%,0
169,1583672254,MissJoJo817,0,136,DST Cowboys  TE Delanie Walker WR Adam Humphries RB Ezekiel Elliott QB Baker Mayfield RB Austin Ekeler FLEX Leonard Fournette WR Chris Godwin WR Dede Westbrook,,Jordan Reed,TE,0.44%,0
170,1588805560,dmberner13,0,135.86,DST Ravens  FLEX Cole Beasley WR Odell Beckham Jr. WR Tyler Lockett QB Jameis Winston TE Hunter Henry RB Dalvin Cook WR Dede Westbrook RB Chris Carson,,Nick Vannett,TE,0.44%,3.6
171,1591310252,osu_bucknuts,0,135.66,DST Seahawks  FLEX Mark Ingram II QB Jameis Winston RB Tevin Coleman WR Adam Thielen TE George Kittle WR Chris Godwin WR Dede Westbrook RB Chris Carson,,Blake Jarwin,TE,0.44%,12.9
172,1588372439,gallerybarbershop,0,135.34,DST Cowboys  RB Mark Ingram II TE Zach Ertz QB Jimmy Garoppolo WR Keenan Allen RB Tevin Coleman FLEX Derrick Henry WR Tyler Boyd WR Dante Pettis,,Vikings ,DST,0.44%,16
173,1588652383,DonkeyLord,0,135.12,DST Jets  QB Kirk Cousins TE Zach Ertz RB Le'Veon Bell WR Jarvis Landry WR Tyler Lockett WR Adam Thielen FLEX Zay Jones RB Dalvin Cook,,,
174,1587755670,BroomDinger,0,134,DST Chargers  WR Marvin Jones Jr. FLEX Damien Williams QB Baker Mayfield RB Joe Mixon RB Christian McCaffrey TE David Njoku WR Dede Westbrook WR DJ Moore,,,
175,1588076379,kentisland04,0,133.96,DST Ravens  RB Le'Veon Bell TE Hunter Henry WR Curtis Samuel WR Dante Pettis WR Dede Westbrook QB Lamar Jackson FLEX Kerryon Johnson RB Saquon Barkley,,,
176,1585404142,BexRx,0,133.36,DST Eagles  QB Matt Ryan WR Travis Benjamin TE Zach Ertz WR Willie Snead IV WR Jamison Crowder RB Todd Gurley II RB Christian McCaffrey FLEX Rashaad Penny,,,
176,1588034209,GirlBoss1989,0,133.36,DST Jaguars  TE Delanie Walker WR Alshon Jeffery WR Mike Evans WR Tyler Lockett QB Jameis Winston RB Leonard Fournette RB Dalvin Cook FLEX Chris Carson,,,
178,1590792047,ZachsPack15,0,133.32,DST Cowboys  WR John Brown WR Adam Thielen TE George Kittle FLEX Curtis Samuel WR Tyreek Hill RB Dalvin Cook QB Patrick Mahomes RB Justice Hill,,,
179,1591253460,RyRy30601,0,133.06,DST Eagles  TE Greg Olsen QB Cam Newton WR Adam Thielen RB Leonard Fournette RB Christian McCaffrey WR Chris Godwin WR Calvin Ridley FLEX Devin Singletary,,,
180,1587883793,RustyMcfusty,0,132.82,DST Seahawks  FLEX Mark Ingram II RB Ezekiel Elliott WR Adam Thielen WR Tyler Boyd TE Hunter Henry WR Curtis Samuel RB Leonard Fournette QB Kyler Murray,,,
181,1580325570,chipdawg420,0,132.8,DST Chiefs  TE Delanie Walker WR Jarvis Landry FLEX Amari Cooper WR Sterling Shepard RB Derrick Henry QB Baker Mayfield RB Leonard Fournette WR Tyreek Hill,,,
182,1590102631,jdmcwilliams7,0,132.76,DST Browns  TE Greg Olsen QB Cam Newton WR Robert Woods WR Cooper Kupp WR Curtis Samuel RB Leonard Fournette RB Christian McCaffrey FLEX Chris Carson,,,
183,1591170311,Golfito2020,0,130.4,DST Chargers  WR Danny Amendola QB Matthew Stafford WR Marvin Jones Jr. TE Zach Ertz FLEX Todd Gurley II RB Matt Breida WR Chris Godwin RB Saquon Barkley,,,
184,1576685983,smcguirk,0,130.02,DST Giants  WR Larry Fitzgerald WR Willie Snead IV RB Ty Montgomery TE Eric Ebron FLEX Todd Gurley II WR Tyreek Hill RB Christian McCaffrey QB Patrick Mahomes,,,
185,1585106251,HeAT1090,0,129.72,DST Titans  TE Delanie Walker WR Mohamed Sanu RB Todd Gurley II WR Corey Davis WR Tyreek Hill QB Patrick Mahomes FLEX Hayden Hurst RB Saquon Barkley,,,
186,1589187401,davisam09,0,129.56,DST Cowboys  QB Matt Ryan RB Mark Ingram II WR Marvin Jones Jr. FLEX Mike Evans TE Hunter Henry WR Tyreek Hill RB Dalvin Cook WR Calvin Ridley,,,
187,1590690218,DarthBallz05,0,129.36,DST Seahawks  TE Travis Kelce RB Mark Ingram II WR Mike Evans QB Jameis Winston RB Dalvin Cook WR Chris Godwin WR Dede Westbrook FLEX Miles Boykin,,,
188,1588874075,cjrogers81,0,127.12,DST Panthers  WR Danny Amendola WR Odell Beckham Jr. RB Ezekiel Elliott FLEX Tyreek Hill QB Patrick Mahomes RB Derrius Guice WR Mecole Hardman TE T.J. Hockenson,,,
189,1581456811,bskrabz,0,126.72,DST Eagles  WR Tyler Lockett QB Carson Wentz WR Adam Thielen WR Tyler Boyd TE Hunter Henry RB Nick Chubb RB Dalvin Cook FLEX Kerryon Johnson,,,
190,1587374284,newton615,0,126.66,DST Seahawks  WR Robert Woods FLEX Mike Evans WR Jamison Crowder TE Hunter Henry RB Nick Chubb WR Tyreek Hill RB Derrius Guice QB Lamar Jackson,,,
191,1591715479,imthegoat13,0,126.22,DST Chiefs  QB Carson Wentz WR Cooper Kupp WR Adam Thielen TE George Kittle WR Curtis Samuel RB Nick Chubb RB Dalvin Cook FLEX Kerryon Johnson,,,
192,1591117931,TdsNBeer1111,0,125.14,DST Seahawks  RB Adrian Peterson QB Russell Wilson TE Travis Kelce WR Jarvis Landry WR Cooper Kupp WR Adam Thielen RB Christian McCaffrey FLEX Will Dissly,,,
193,1588865537,mostafa64,0,124.42,DST Chargers  WR Odell Beckham Jr. WR Mike Evans WR Tyler Lockett QB Carson Wentz RB Duke Johnson TE Hunter Henry RB Dalvin Cook FLEX Chris Carson,,,
194,1592331496,Dogfish70,0,123.66,DST Seahawks  RB Le'Veon Bell WR Mike Evans FLEX Eric Ebron QB Jameis Winston TE Evan Engram RB Leonard Fournette WR Dede Westbrook WR DJ Moore,,,
195,1587839429,alexthegreatfl,0,123.3,DST Chiefs  FLEX Randall Cobb WR T.Y. Hilton TE Kyle Rudolph RB Le'Veon Bell WR Jarvis Landry RB Todd Gurley II WR Tyler Boyd QB Baker Mayfield,,,
196,1588701018,jhuard,0,122.92,DST Chargers  TE Zach Ertz QB Carson Wentz WR Adam Thielen WR Tyler Boyd WR Curtis Samuel RB Nick Chubb RB Dalvin Cook FLEX Kerryon Johnson,,,
197,1590855496,GDK0008,0,122.64,DST Rams  QB Russell Wilson FLEX Robert Woods WR Jarvis Landry WR Tyler Lockett WR Brandin Cooks TE Hunter Henry RB Leonard Fournette RB Dalvin Cook,,,
198,1586945562,SundayChick,0,122.2,DST Eagles  QB Nick Foles WR Robert Woods WR Tyler Lockett RB Tevin Coleman TE Evan Engram FLEX Joe Mixon RB Dalvin Cook WR Chris Godwin,,,
199,1590465232,shawarmarama,0,120.22,DST Chargers  QB Philip Rivers WR DeSean Jackson TE Kyle Rudolph RB Todd Gurley II FLEX Cooper Kupp RB Ezekiel Elliott WR Dante Pettis WR Dede Westbrook,,,
200,1585845146,Jwoodward96,0,119.44,DST Seahawks  QB Russell Wilson TE Kyle Rudolph FLEX Zach Ertz RB Le'Veon Bell WR Jarvis Landry WR Tyler Lockett WR Stefon Diggs RB Marlon Mack,,,
201,1579320179,KenGriff79,0,118.56,DST Ravens  QB Matt Ryan TE Kyle Rudolph FLEX Mohamed Sanu RB David Johnson WR Nelson Agholor WR Adam Thielen WR Tyreek Hill RB Chris Carson,,,
202,1592025523,EGEE164,0,118.22,DST Eagles  FLEX Larry Fitzgerald WR Marvin Jones Jr. WR Tyler Lockett TE Nick Vannett WR Brandin Cooks RB Nick Chubb QB Kyler Murray RB Saquon Barkley,,,
203,1587758403,aldiggy5150,0,117.3,DST Bills  QB Matthew Stafford WR Jarvis Landry WR Sterling Shepard FLEX Damien Williams WR Stefon Diggs RB Tevin Coleman RB Saquon Barkley TE Dawson Knox,,,
204,1575863570,TheGuyMicah,0,116.32,DST Bengals  FLEX DeSean Jackson QB Kirk Cousins TE Travis Kelce WR Mohamed Sanu WR Stefon Diggs WR Adam Thielen RB Joe Mixon RB Leonard Fournette,,,
205,1590752456,ChrisDG91,0,116.14,DST Jets  TE Kyle Rudolph RB Le'Veon Bell QB Jimmy Garoppolo WR Mike Evans WR Corey Davis WR Adam Thielen RB Dalvin Cook FLEX Calvin Ridley,,,
206,1583000484,IamTanka23,0,115.84,DST Chargers  TE Delanie Walker FLEX John Brown QB Jimmy Garoppolo WR Mike Evans RB Todd Gurley II WR Adam Thielen WR Dede Westbrook RB Kerryon Johnson,,,
207,1582355995,FrayBae,0,115.8,DST Chargers  QB Nick Foles RB Ezekiel Elliott TE Hunter Henry FLEX Leonard Fournette RB Dalvin Cook WR Chris Godwin WR Dede Westbrook WR DJ Moore,,,
208,1587894351,mill34time,0,114.66,DST Chiefs  WR Marquise Goodwin WR Robert Woods WR Mike Evans QB Jameis Winston TE Hunter Henry FLEX Leonard Fournette RB Dalvin Cook RB Chris Carson,,,
209,1586779687,jmcgray77,0,114.5,DST Chargers  WR Cole Beasley WR Keenan Allen WR Stefon Diggs FLEX Hunter Henry QB Baker Mayfield RB Nick Chubb TE David Njoku RB Saquon Barkley,,,
210,1588867621,Evansnp,0,113.74,DST Lions  QB Russell Wilson TE Tyler Eifert WR Tyler Lockett WR Sterling Shepard WR Adam Thielen RB Leonard Fournette FLEX Dede Westbrook RB Saquon Barkley,,,
211,1588846286,Beammeup87,0,113.6,DST Lions  WR Jarvis Landry QB Jacoby Brissett FLEX Cooper Kupp RB Ezekiel Elliott TE Hunter Henry WR Curtis Samuel RB Saquon Barkley WR Calvin Ridley,,,
212,1587819320,amSagE88,0,111.5,DST Ravens  QB Nick Foles TE Zach Ertz WR Odell Beckham Jr. WR Tyler Lockett FLEX Duke Johnson RB Leonard Fournette RB Dalvin Cook WR Dede Westbrook,,,
213,1590511633,Bigf00t50,0,111.42,DST Chargers  WR Odell Beckham Jr. WR Jarvis Landry TE Eric Ebron WR Devin Funchess RB Austin Ekeler FLEX Tyreek Hill QB Patrick Mahomes RB Rashaad Penny,,,
214,1591806693,MattB9236,0,110.62,DST Seahawks  TE Greg Olsen WR Alshon Jeffery FLEX Brandin Cooks RB Tevin Coleman WR Adam Thielen RB Leonard Fournette WR Tyreek Hill QB Kyler Murray,,,
215,1586943003,Crunka91,0,110.54,DST Ravens  QB Russell Wilson WR Paul Richardson Jr. WR Stefon Diggs TE George Kittle FLEX Leonard Fournette WR Chris Godwin RB Tony Pollard RB Chris Carson,,,
216,1581626950,BillsMafia1791,0,110.3,DST Bills  RB Frank Gore FLEX Vernon Davis TE Travis Kelce WR Cole Beasley WR Odell Beckham Jr. WR Kenny Golladay QB Baker Mayfield RB Saquon Barkley,,,
217,1592147134,Loumo3838,0,109.42,DST Dolphins  TE Zach Ertz WR Mike Evans QB Carson Wentz WR Tyler Boyd WR Curtis Samuel RB Nick Chubb FLEX Dalvin Cook RB Kerryon Johnson,,,
218,1591268522,JesterCK,0,109.36,DST Eagles  QB Cam Newton WR Marvin Jones Jr. WR Sterling Shepard RB Ezekiel Elliott TE Hunter Henry RB Dalvin Cook FLEX Chris Godwin WR Dede Westbrook,,,
219,1590685876,Swab64,0,108.86,DST Ravens  QB Jameis Winston WR Stefon Diggs FLEX Tevin Coleman WR Cooper Kupp TE Hunter Henry RB Nick Chubb WR Chris Godwin RB Chris Carson,,,
220,1580051299,sammyastillero,0,107.82,DST Rams  RB Adrian Peterson TE Travis Kelce WR Julio Jones WR Randall Cobb FLEX T.J. Yeldon WR Zay Jones QB Patrick Mahomes RB Saquon Barkley,,,
221,1588852846,juicyj95,0,107.1,DST Chargers  QB Nick Foles WR Odell Beckham Jr. WR Mike Evans WR Tyler Lockett TE Hunter Henry FLEX Matt Breida RB Dalvin Cook RB Chris Carson,,,
222,1591081187,Kole1818,0,104.9,DST Chiefs  WR DeSean Jackson WR Marvin Jones Jr. WR Odell Beckham Jr. RB Todd Gurley II RB Tevin Coleman QB Baker Mayfield FLEX Tyreek Hill TE Will Dissly,,,
223,1576548341,jseeger900,0,100.76,DST Giants  FLEX Jack Doyle TE Zach Ertz RB David Johnson WR Brandin Cooks WR Adam Thielen WR Dante Pettis QB Lamar Jackson RB Kerryon Johnson,,,
224,1586626610,jdoomman,0,94.46,DST Ravens  QB Matt Ryan FLEX Adrian Peterson RB Le'Veon Bell WR Albert Wilson TE Eric Ebron RB Todd Gurley II WR Tyler Boyd WR Tyreek Hill,,,
225,1590090042,cmarshall217,0,94.26,DST Lions  TE Delanie Walker QB Cam Newton WR Mike Evans WR Marqise Lee WR Kenny Golladay RB Ezekiel Elliott RB Chris Carson FLEX Michael Crabtree,,,
226,1580480227,jaschmidt081790,0,82.12,DST Ravens  QB Kirk Cousins TE Kyle Rudolph WR Stefon Diggs WR Adam Thielen WR Chad Beebe RB Dalvin Cook RB Alexander Mattison FLEX Irv Smith Jr.,,,
227,1587789464,luke423b,0,81.49999,DST Ravens  RB Adrian Peterson TE Travis Kelce FLEX Zach Ertz WR Jarvis Landry WR Rashard Higgins QB Baker Mayfield RB Nick Chubb WR Tyreek Hill,,,
228,1588774468,bradab,0,75.14,DST Eagles  QB Russell Wilson WR Marvin Jones Jr. WR Mike Evans TE Eric Ebron WR Adam Thielen FLEX Matt Breida RB Leonard Fournette RB Nick Chubb,,,
229,1591726661,BetterNotSquash,0,58.5,DST Cowboys  TE Kyle Rudolph RB Todd Gurley II WR Cooper Kupp RB Ezekiel Elliott QB Baker Mayfield WR Rashard Davis FLEX Darrel Williams WR Tyreek Hill,,,
